Age,Income,Dependency_Ratio,Education_ord,Life_Stage
57,58138.0,0.0,2,0
60,46344.0,0.7448355622034608,2,4
49,71613.0,0.0,2,0
30,26646.0,0.6011685022031837,2,1
33,58293.0,0.3656177782911752,4,1
47,62513.0,0.3475931919248459,3,2
43,55635.0,0.377973136544019,2,4
29,33454.0,0.527440387485441,4,1
40,30351.0,0.558598393151173,4,1
64,5648.0,1.062709215646608,4,3
38,7500.0,0.0,0,0
55,63033.0,0.0,2,0
62,59354.0,0.6612276201310678,3,4
27,17323.0,0.0,2,0
68,82800.0,0.0,4,3
34,41850.0,0.779236986680059,2,1
68,37760.0,0.0,2,3
65,76995.0,0.29736940644106147,3,3
29,33812.0,0.5240734494096403,1,4
32,37040.0,0.0,2,0
35,2447.0,1.062709215646608,2,1
65,58607.0,0.3642118601616519,4,3
60,65324.0,0.3365494807655289,4,3
63,40689.0,0.46697161958712186,2,3
45,18589.0,0.0,2,0
38,53359.0,0.6971557128172552,2,1
25,38360.0,0.48483362544550374,2,1
49,84618.0,0.0,4,0
25,10979.0,0.0,3,0
51,38620.0,0.0,3,0
44,40548.0,0.4680147954213878,2,1
62,46610.0,0.7429009572319019,4,4
68,68657.0,0.0,3,3
63,49389.0,0.723312173400556,3,4
44,67353.0,0.3290076720570033,4,1
38,23718.0,0.6398970210074387,1,1
41,42429.0,0.45447736124162574,2,4
71,48948.0,0.0,4,3
34,80011.0,0.288692878871437,2,1
29,20559.0,0.6880011084037013,3,1
57,21994.0,0.6652402490699797,2,2
39,7500.0,1.01423193331738,3,1
38,79941.0,0.0,2,0
18,7500.0,0.0,1,0
46,41728.0,0.45942823982524555,2,2
60,72550.0,0.5943053199103314,4,3
57,65486.0,0.3359345451337071,2,4
50,79143.0,0.0,3,0
37,35790.0,0.5062363603319494,2,4
37,82582.0,0.0,2,0
36,66373.0,0.6237892863073633,2,1
59,82384.0,0.0,3,0
48,70287.0,0.0,2,0
26,27938.0,0.5855816928046407,2,4
46,55954.0,0.37644592324792714,4,2
32,75777.0,0.0,3,0
39,66653.0,0.6223871293879536,2,1
62,61823.0,0.35041671326393353,2,4
63,67680.0,0.32782396578196926,4,4
66,70666.0,0.0,2,3
43,25721.0,0.612867018026799,2,1
47,32474.0,0.86349741694672,2,2
35,88194.0,0.26752660963198216,1,4
56,69096.0,0.32279569880895465,2,2
44,74854.0,0.7950710229272298,2,1
60,66991.0,0.0,3,3
55,65031.0,0.33766746330377045,2,2
39,60631.0,0.6540702577057865,4,1
62,28332.0,0.0,2,3
37,40246.0,0.47026516622569087,2,4
42,75251.0,0.0,3,0
38,75825.0,0.0,2,0
38,26326.0,0.0,1,0
49,56046.0,0.0,2,0
29,29760.0,0.5649675168017388,2,4
45,26304.0,0.6054394378109693,2,2
41,23559.0,0.6421496405762296,1,1
27,81361.0,0.0,2,0
54,29440.0,0.895295018732627,2,2
44,36138.0,0.8282844162864056,3,1
57,50388.0,0.40502229894102915,2,4
41,79593.0,0.0,2,0
47,54178.0,0.38511085233475184,2,2
42,42394.0,0.4547219764632,3,4
44,23626.0,0.6411984083547493,4,1
31,30096.0,0.5613282616132307,2,1
54,47916.0,0.4191732508147631,2,4
42,51813.0,0.7071000000529679,2,4
63,78497.0,0.0,1,3
31,50150.0,0.0,4,0
54,47823.0,0.4197252231077157,1,4
55,34554.0,0.5172334020572203,4,4
35,85693.0,0.2736571514331804,2,1
69,65846.0,0.0,4,3
55,87195.0,0.0,2,0
35,24594.0,0.6277759680340568,0,1
50,49096.0,0.7253255016005029,2,2
45,52413.0,0.7032052028570365,2,2
36,38557.0,0.4832689715254724,2,4
54,89058.0,0.0,3,0
35,77298.0,0.29647408961431065,2,1
23,68126.0,0.0,4,0
51,57288.0,0.37019224378738286,3,2
23,86037.0,0.0,2,0
34,43974.0,0.44393964672670744,4,1
52,50785.0,0.7138804190021881,2,4
44,90765.0,0.0,2,0
36,36550.0,0.49970866621023907,1,1
47,30753.0,0.8812165682055392,1,2
45,21918.0,0.6664059926139574,2,2
61,56129.0,0.37561339659775367,3,3
47,32557.0,0.5360747119854936,3,4
29,19510.0,1.0214514174749834,3,1
38,30992.0,0.5518554363059887,2,4
31,101970.0,0.0,2,0
49,71488.0,0.0,1,0
30,79607.0,0.0,2,0
61,54348.0,0.6909476391632285,3,3
58,77376.0,0.5732016142967818,4,2
62,62998.0,0.3456358569817224,2,3
56,61331.0,0.6502152432168691,3,4
45,73448.0,0.0,2,0
50,41551.0,0.7816479162293931,4,2
47,62981.0,0.0,4,0
38,9548.0,0.9412713193909328,0,4
55,33762.0,1.0444150088789048,4,2
41,35860.0,0.8308449170400677,4,4
49,36921.0,0.8211648629313929,4,4
22,92859.0,0.0,3,0
38,65104.0,0.3373882217159023,3,1
52,86111.0,0.0,2,0
40,68352.0,0.3254181362417595,4,4
26,41883.0,0.4583241098623071,2,1
38,59809.0,0.6586586829189658,2,1
39,23957.0,0.6365418576919597,2,1
33,38547.0,0.4833481473506922,2,1
41,35688.0,1.0285919983147664,1,1
48,49605.0,0.0,3,0
61,59354.0,0.6612276201310678,3,3
45,65747.0,0.33494856633141623,2,2
42,46344.0,0.4287058498771822,1,1
26,34176.0,0.5206949455194606,2,4
62,61010.0,0.3538035360591929,4,3
65,69372.0,0.0,2,3
56,49967.0,0.4073635336403871,2,4
36,60199.0,0.8672177625852335,2,4
37,55375.0,0.37922718309430314,2,1
59,80317.0,0.0,2,0
56,30523.0,1.062709215646608,3,4
69,70356.0,0.0,4,3
30,23228.0,0.6468925985402094,2,1
39,74165.0,0.0,4,0
41,157243.0,0.16541103656344477,4,1
48,43482.0,0.9700596583443495,2,2
61,62551.0,0.0,2,3
55,52332.0,0.0,2,0
26,66951.0,0.0,2,0
57,26091.0,0.9336362155918723,2,2
49,33456.0,0.8537378874429385,2,2
32,28718.0,0.5765695707489314,2,1
44,50447.0,0.7161400100488399,2,1
55,53537.0,0.6960297063045852,4,2
47,52074.0,0.39591307017660404,2,4
39,80427.0,0.28753591553760444,4,1
66,83837.0,0.0,4,3
44,38853.0,0.8041572186067624,4,1
55,38285.0,1.0081607602466605,2,2
38,51650.0,0.39816462411141224,4,1
26,16248.0,0.767551242132323,1,1
68,66835.0,0.0,3,3
30,30477.0,0.5572595828845942,3,1
53,28249.0,0.0,0,0
31,25271.0,0.618730884430822,2,1
44,32303.0,0.5385726312620498,4,4
48,61286.0,0.35264638326533004,2,2
38,74068.0,0.0,2,0
50,45759.0,0.7491283940989178,4,2
36,24882.0,0.6238947130816623,0,1
25,66973.0,0.0,4,0
100,36640.0,0.49894702452300466,1,4
26,38872.0,0.4807884043806972,2,1
41,51148.0,0.711470477402498,2,1
37,31353.0,0.8749472815114273,2,1
34,69661.0,0.0,3,0
60,80067.0,0.0,2,3
60,86718.0,0.0,2,3
41,46854.0,0.7411357765558083,4,4
62,69142.0,0.32263495580893864,2,4
46,75922.0,0.0,2,0
36,63693.0,0.3428694614297667,2,4
37,102160.0,0.0,4,0
49,40637.0,0.7891189199651352,4,4
30,18890.0,0.0,3,0
26,29604.0,0.5666737540341834,2,1
51,48721.0,0.7279197514031405,3,4
48,44794.0,0.43854599195221416,2,2
60,64497.0,0.33972439553351913,2,4
58,46097.0,0.4302437975577847,2,2
60,77972.0,0.0,2,3
46,44377.0,0.7594835236485397,4,2
40,46014.0,0.7472506662602976,3,1
29,70951.0,0.0,2,0
37,41443.0,0.4614726072059137,2,1
36,52195.0,0.9131860910804951,1,4
66,83790.0,0.0,3,3
60,44551.0,0.44013042526836044,3,4
34,69508.0,0.3213617238633228,2,1
26,45204.0,0.4358987696975007,1,1
45,72460.0,0.0,2,0
44,77622.0,0.5721672305817807,4,1
34,30732.0,0.5545701961419471,4,1
52,63887.0,0.34210521394849924,2,4
36,42011.0,0.45741637468545776,2,1
38,51369.0,0.3996711478427135,2,1
62,51537.0,0.39876906620430647,2,4
42,79930.0,0.0,4,0
28,34320.0,0.519370680723385,4,1
48,37070.0,0.8198252197248254,2,4
52,81975.0,0.2833113745834993,1,4
43,38590.0,0.48300787892577957,2,1
63,15033.0,0.0,2,3
49,62745.0,0.34665411721593625,4,2
39,22212.0,0.6619200084132675,1,1
32,23661.0,0.6407026647408678,3,1
56,79761.0,0.289392684720513,4,4
41,7500.0,1.01423193331738,2,4
46,73455.0,0.0,2,0
56,64961.0,0.33793566725412266,2,2
43,22804.0,0.6530762487435144,2,4
24,73687.0,0.0,2,0
56,61074.0,0.3535345287979513,2,2
50,31686.0,0.8715107287913546,4,2
42,80134.0,0.288349822169634,2,1
61,75027.0,0.30331963819390206,2,3
26,67546.0,0.0,4,0
45,65176.0,0.3371132610853741,3,2
39,31160.0,0.5501157756912606,3,4
29,29938.0,0.5630335432406844,2,4
40,102692.0,0.0,2,0
56,26490.0,0.0,1,0
47,75702.0,0.5803443126721065,2,2
40,30899.0,0.5528233384288241,4,4
53,63342.0,0.3442609856246355,4,2
50,45989.0,0.4309197849796982,2,4
50,18701.0,1.0336503429140513,2,4
57,40737.0,0.9897474891681548,4,4
35,15287.0,0.7880606054704241,2,4
46,69674.0,0.6076651392934774,4,4
44,44159.0,0.44271104342584366,3,1
36,37717.0,0.4900133230300978,4,1
62,43776.0,0.7640832891038877,3,3
48,38179.0,0.810002540824017,3,2
51,80124.0,0.0,2,0
44,38097.0,0.810720026183492,4,1
44,72940.0,0.0,2,0
44,22070.0,0.6640787751118253,2,1
61,69267.0,0.0,2,3
31,31788.0,0.5437114127751224,3,4
39,61905.0,0.3500787434542926,4,1
54,29315.0,0.8966618511925614,2,2
51,33378.0,0.8545041191106891,2,4
51,66313.0,0.33283030605954184,4,2
58,60714.0,0.0,2,0
33,77882.0,0.0,3,0
28,69867.0,0.0,4,0
46,63841.0,0.3422861163471158,3,4
33,24480.0,0.6293262249041648,0,1
40,65640.0,0.33535207335340256,4,1
39,44319.0,0.7599248330324051,3,1
40,30631.0,0.5556322028916588,2,1
62,75278.0,0.0,2,3
58,50898.0,0.7131283629561214,3,2
48,79946.0,0.0,2,0
65,35416.0,0.0,3,3
30,32414.0,0.0,1,0
45,38361.0,0.4848256569389114,2,2
34,82497.0,0.0,2,0
43,16626.0,1.062709215646608,2,1
49,29672.0,0.8927706163644664,2,2
62,55951.0,0.3764602276529667,3,3
26,35388.0,0.5097602033848225,1,4
28,42386.0,0.45477792612414475,3,1
32,68627.0,0.0,2,0
49,57912.0,0.3673384761026822,4,4
56,35246.0,0.8365623306634878,2,4
58,58821.0,0.3632599265586862,1,2
36,46377.0,0.42850121956852966,4,1
26,39747.0,0.4740322026862336,2,4
30,23976.0,0.6362767030701806,2,1
53,80950.0,0.0,3,0
48,27038.0,0.0,2,0
67,77457.0,0.0,2,3
50,64100.0,0.34127006470552085,3,2
22,42670.0,0.0,3,0
38,12571.0,0.8530841960804072,2,4
47,22574.0,1.062709215646608,2,2
38,70893.0,0.0,3,0
48,54198.0,0.6918816922011595,2,2
58,28839.0,0.9019102934506091,3,2
42,40321.0,0.7917380302408471,2,1
29,66503.0,0.3321252704235072,2,4
63,30833.0,0.8803748434090829,2,3
43,64795.0,0.33857341426004195,2,1
40,34421.0,0.5184459651171653,2,1
49,47025.0,0.7399040336219129,4,4
53,64325.0,0.3403923189859744,4,4
61,40464.0,0.468638521237878,2,4
57,62187.0,0.0,2,0
38,14849.0,0.7978077018043042,4,4
30,27255.0,0.5937157864839508,2,1
64,54432.0,0.8997915440154021,4,3
28,29999.0,0.5623739115781681,4,4
31,24072.0,0.6349404888515032,2,4
25,33996.0,0.0,4,0
58,66334.0,0.3327522328014515,4,2
43,35178.0,0.5116210507106291,3,1
31,22010.0,0.6649953742582568,2,1
54,62204.0,0.6454735417745168,2,4
46,75693.0,0.0,2,0
42,30675.0,0.5551690323499177,2,1
49,83003.0,0.0,2,0
26,68655.0,0.0,2,0
28,41411.0,0.0,2,0
45,55212.0,0.3800176727786566,4,2
64,59292.0,0.36118237961318167,4,3
41,27190.0,0.5945021004488033,0,1
62,82623.0,0.0,2,3
49,44300.0,0.7600695196922009,2,2
44,84835.0,0.0,2,0
43,30372.0,0.8852502307139269,2,4
38,33181.0,0.5300378766392057,3,1
57,71113.0,0.31589575042885565,2,2
28,71952.0,0.3131123164465418,2,1
48,69759.0,0.0,4,0
40,72099.0,0.0,2,0
38,60000.0,0.3581041903204354,4,4
36,38643.0,0.805968577318047,2,4
59,50737.0,0.4031020271479434,2,2
45,68462.0,0.0,4,0
71,65073.0,0.0,3,3
66,46681.0,0.742386392387892,4,3
57,78618.0,0.0,2,0
45,62187.0,0.34892146080331365,4,4
36,28442.0,0.9063412874560794,2,1
47,51479.0,0.7092879644640556,2,2
45,54803.0,0.3820159177474064,2,4
54,79530.0,0.0,2,0
38,31615.0,0.5454603285550248,2,4
52,72025.0,0.0,2,0
39,52614.0,0.39308256442023476,4,4
30,35684.0,0.5071606867505143,1,1
39,48178.0,0.7317114422280039,2,1
44,29548.0,0.5672888436195314,3,4
48,63810.0,0.34240813769822415,2,4
42,38578.0,0.8065310397436847,4,4
39,46098.0,0.7466343241392364,3,4
44,22585.0,0.0,2,0
25,30279.0,0.5593664056554477,2,4
53,66426.0,0.3324106322691364,4,2
45,30822.0,0.553627366998773,2,4
45,33581.0,0.8525131264831345,4,2
29,19986.0,0.6975551658464579,2,1
60,27421.0,0.0,2,3
33,36143.0,0.5031828656364548,3,4
43,10245.0,0.9191366461586602,2,4
46,43795.0,0.44513501734306626,3,2
54,63381.0,0.3441058095192781,2,2
65,38823.0,0.4811725633153505,2,3
46,83664.0,0.5479160452070225,4,4
35,90300.0,0.0,2,0
35,62499.0,0.34765002446094906,3,1
21,74293.0,0.0,2,0
68,51012.0,0.0,4,3
46,70777.0,0.317024476440619,3,2
23,68682.0,0.0,4,0
43,43824.0,0.7637137203936945,2,1
30,15345.0,0.7867892091736621,2,1
27,23442.0,0.6438178330899464,2,4
34,14515.0,0.8054184807580365,1,1
58,31395.0,0.8745121713047964,1,4
49,75276.0,0.0,2,0
40,42373.0,0.7750582631330977,2,4
54,30507.0,0.0,2,0
59,55521.0,0.8934306280625913,4,4
49,48006.0,0.732921286759609,2,2
42,27213.0,0.59422361991293,4,4
43,65808.0,0.6266387521569282,4,4
51,50437.0,0.716207093064866,2,2
32,23616.0,0.6413401965033501,1,4
38,53858.0,0.38671517213570183,2,1
59,66465.0,0.3322660366049796,4,2
27,46923.0,0.42514405763523266,2,4
52,75072.0,0.3031809052136043,2,2
71,75865.0,0.0,4,3
39,19789.0,0.7009049855866083,1,1
20,80134.0,0.0,2,0
33,91065.0,0.0,2,0
43,49505.0,0.7225183674250744,3,1
41,37401.0,0.49260049712687604,4,1
32,18492.0,0.7238401211675126,3,1
40,82584.0,0.0,3,0
73,93027.0,0.0,4,3
61,48686.0,0.9351421356157558,2,3
28,92910.0,0.0,2,0
25,75433.0,0.3020725631934653,2,1
25,10404.0,0.9142531359903552,1,1
46,61314.0,0.3525294175561537,2,2
53,84865.0,0.0,4,0
25,42387.0,0.45477093165068794,2,1
47,67309.0,0.6191276058640138,1,2
50,75236.0,0.30267637963128646,2,2
44,30015.0,0.5622011569390206,2,4
58,50943.0,0.4019772006695617,3,2
48,67272.0,0.32930221607967425,2,4
65,51529.0,0.3988119289886972,3,4
43,32011.0,0.541473956452515,4,1
28,7500.0,1.01423193331738,1,1
25,28691.0,0.5768767408518404,2,1
66,56223.0,0.37516774531781827,4,3
68,18100.0,0.0,2,3
40,20130.0,0.0,1,0
55,23295.0,0.0,2,0
42,42618.0,0.4531610506690638,3,4
50,81246.0,0.0,2,0
38,24027.0,0.635566109920609,2,1
61,55707.0,0.37762734293504113,4,3
59,57959.0,0.3671253275283625,2,4
45,56796.0,0.37247411169216016,2,2
43,36230.0,0.5024360800107494,3,4
34,70829.0,0.602225704251119,1,1
38,65991.0,0.33403207039562294,2,1
42,38988.0,1.0027977679197049,2,1
48,89572.0,0.0,1,0
30,42207.0,0.4560334724658128,3,1
62,50300.0,0.4055094222260614,2,3
32,66664.0,0.0,1,0
50,60597.0,0.3555494586262919,2,2
65,70165.0,0.0,2,3
56,50520.0,0.4042938323194029,4,4
39,33183.0,0.53001875200829,2,1
45,66582.0,0.0,4,0
59,75261.0,0.0,4,0
44,31880.0,0.5427860385693158,2,4
63,53790.0,0.6944358518565394,2,3
43,49269.0,0.41130621368620995,4,1
39,61456.0,0.35193743765727437,2,1
34,37406.0,0.49255934364942766,2,1
33,56937.0,0.37181726136601595,4,1
36,38415.0,0.8079452941238242,2,1
26,20518.0,0.6886755563137742,2,4
58,62503.0,0.34763378468051165,2,2
42,41644.0,0.7808963024507813,4,4
37,55842.0,0.37698070058208544,3,1
42,62010.0,0.3496469364071402,4,1
37,41124.0,0.46378294116640684,2,1
41,38961.0,0.48009224386023985,3,1
42,37760.0,0.48966341360504084,3,4
40,32233.0,0.5392652411353955,2,4
39,43057.0,0.45013330526477546,2,1
54,83151.0,0.0,3,0
50,78825.0,0.0,4,0
40,60093.0,0.3577037829292326,2,1
45,14045.0,0.8164006001427789,2,2
62,28457.0,0.0,1,3
56,78952.0,0.2916808294708691,4,2
38,46310.0,0.42891688863774735,2,4
59,76005.0,0.0,2,0
50,58308.0,0.36555036732158297,3,4
70,55614.0,0.0,4,3
52,59432.0,0.360569467500308,3,4
36,55563.0,0.37831957086382917,2,4
43,78642.0,0.2925672960139714,4,1
65,67911.0,0.3269929292768864,4,3
70,65275.0,0.0,2,3
64,27203.0,0.9204947417632053,2,3
53,48330.0,0.41673383836365224,3,2
24,24279.0,0.0,0,0
29,64355.0,0.3402756300999845,4,1
61,53653.0,0.0,2,3
38,65665.0,0.3352577082962313,2,1
25,81217.0,0.0,2,0
22,34935.0,0.0,2,0
55,61250.0,0.35279688288519306,2,4
33,39665.0,0.47465712634210333,4,1
35,60152.0,0.3574502292932584,2,4
50,48920.0,0.7265406151590337,2,2
55,89120.0,0.0,3,0
68,44124.0,0.44294295168257813,4,3
39,81169.0,0.0,3,0
53,36443.0,0.8254951001311185,2,2
24,26095.0,0.6080805811222207,2,4
55,71367.0,0.0,2,0
70,80184.0,0.0,3,3
49,30630.0,0.8825142524630627,2,4
27,73454.0,0.0,3,0
23,42691.0,0.0,2,0
61,70503.0,0.0,2,3
27,25545.0,0.6151466414651453,2,1
28,32880.0,0.5329323644378119,2,1
56,77863.0,0.0,4,0
37,50353.0,0.0,3,0
50,61839.0,0.0,2,0
54,49154.0,0.7249260130341434,4,2
39,47682.0,0.42056490160290694,1,4
45,72679.0,0.3107400809275206,2,4
37,57954.0,0.6692655352061148,3,1
52,65316.0,0.6291422257757947,2,2
32,28567.0,0.5782917986167522,2,4
63,47352.0,0.4225434883353142,3,3
47,44931.0,0.43765780720839376,2,2
47,76982.0,0.0,2,0
62,57247.0,0.37038132007391,1,3
33,22944.0,0.6510208490275959,3,4
37,25315.0,0.6181523894247577,1,1
45,43638.0,0.4461888692412676,2,4
30,42710.0,0.45252310881389174,4,4
32,84169.0,0.0,4,0
38,54058.0,0.3857108922131091,2,1
24,24683.0,0.6265711959463313,1,1
50,85620.0,0.0,2,0
34,47850.0,0.41956482129930256,2,1
46,19514.0,1.0213919755573955,2,2
41,27159.0,0.9210066680406797,3,1
51,39548.0,0.7982251635742725,1,4
25,21474.0,0.673303041671349,2,4
43,60504.0,0.3559450099995871,4,4
51,22419.0,0.0,2,0
65,81698.0,0.0,3,3
62,43462.0,0.7665104068783235,2,3
36,54880.0,0.3816380981924997,4,4
32,79908.0,0.0,2,0
44,15315.0,0.0,1,0
55,87771.0,0.26854401635892877,2,2
36,33039.0,0.5313993533766925,2,1
34,81741.0,0.0,2,0
43,71499.0,0.3146090078816068,3,1
44,62466.0,0.3477840610759187,1,1
51,48799.0,0.41400488741228525,4,4
64,52157.0,0.3954753307579317,4,3
52,66565.0,0.3318958571799252,2,4
63,29298.0,0.8968481051278522,3,3
35,47691.0,0.4205112033292159,2,4
44,38200.0,0.8098190174482325,2,1
40,44989.0,0.43728288721579134,2,1
46,38443.0,0.8077019700965283,4,2
36,38593.0,0.482984157503688,1,4
44,64413.0,0.34005026018334,4,1
33,36959.0,0.49626642718234504,3,1
37,61996.0,0.3497044485739198,4,1
46,51287.0,0.7105522224789572,2,2
44,13260.0,1.062709215646608,2,1
48,47472.0,0.7367047637892852,4,2
58,54603.0,0.6893658385721187,3,2
40,45207.0,0.7532279481703889,4,1
47,47821.0,0.7342273425448754,1,2
63,27450.0,0.0,3,3
31,39453.0,0.47628059309233817,2,1
43,26850.0,0.9246202501759818,1,1
59,79800.0,0.0,2,0
53,61794.0,0.35053639682847804,3,2
59,53863.0,0.3866900006785993,2,2
55,24221.0,0.0,2,0
30,39684.0,0.47451217753973873,4,4
39,92163.0,0.0,3,0
49,69882.0,0.0,3,0
37,33178.0,0.5300665662398679,2,1
42,59973.0,0.0,4,0
39,17459.0,0.7432831459650586,3,1
45,23910.0,0.6371987578162472,2,4
45,42169.0,0.7766824380478226,3,2
36,26224.0,0.6064475857456321,1,1
33,31089.0,0.5508496112657009,2,1
53,30081.0,0.5614896981916204,2,4
54,62807.0,0.34640402366427,2,2
59,72906.0,0.0,2,0
66,61467.0,0.649471775152267,4,3
48,49618.0,0.7217468695620851,3,2
28,21888.0,0.6668673353467504,3,4
58,26150.0,1.062709215646608,2,4
39,30801.0,0.5538470653137421,0,1
49,81168.0,0.0,2,0
45,26877.0,0.0,3,0
70,45006.0,0.0,3,3
41,18978.0,0.7150618060681345,0,1
45,48240.0,0.0,4,0
40,45837.0,0.748552958762557,2,1
49,35791.0,1.0277623870457753,3,4
38,162397.0,0.35427160370221933,4,1
36,54162.0,0.6921062615254167,2,4
54,30522.0,0.5567830359291381,3,2
53,54456.0,0.3837279866050134,4,2
43,31632.0,0.0,2,0
65,72298.0,0.0,2,3
36,36975.0,0.4961327518366762,1,4
59,72635.0,0.0,1,0
38,13624.0,0.8265200194871799,2,1
39,84196.0,0.2774636446991089,2,4
54,70971.0,0.3163717825506545,2,2
37,34487.0,0.8437510630163017,4,4
37,28769.0,0.5759902809205458,2,4
44,69084.0,0.3228376583049979,4,1
56,65488.0,0.0,4,0
54,32218.0,0.0,1,0
41,83917.0,0.0,2,0
52,46102.0,0.9521073919480904,2,4
62,84574.0,0.0,2,3
52,56181.0,0.3753667339564917,2,2
64,63120.0,0.3451469914823172,3,4
43,73691.0,0.3074974877261236,2,1
66,76140.0,0.0,4,3
55,62859.0,0.34619454828553187,4,4
50,45906.0,0.43144076074243237,2,4
67,77632.0,0.0,3,3
43,46463.0,0.7439687510401843,4,1
44,105471.0,0.0,2,0
44,55282.0,0.3796777909100367,3,4
37,78710.0,0.29237238156601897,3,1
56,66886.0,0.33071317823980384,2,2
54,98777.0,0.0,3,0
29,29103.0,0.5722259945638305,2,1
40,67445.0,0.3286737715952466,2,1
64,50616.0,0.4037657030055685,4,3
59,49431.0,0.4103842751478752,2,4
39,153924.0,0.0,2,0
61,61278.0,0.35267981642659174,2,3
67,73059.0,0.3095144664145509,4,3
48,46734.0,0.9478922470029609,4,4
51,56253.0,0.3750257410606308,2,2
39,58330.0,0.36545154329874596,2,4
34,25965.0,0.0,0,0
58,14661.0,0.0,3,0
55,18690.0,0.0,2,0
40,45068.0,0.4367732684003768,4,1
27,21063.0,0.6798225867182933,0,4
46,29187.0,0.5712872622699263,4,2
43,54690.0,0.6888279111492087,1,1
50,59304.0,0.36112976186651613,4,2
52,59247.0,0.6618347967937791,3,4
44,66731.0,0.3312831913086032,2,4
34,77353.0,0.29631215464701427,2,1
40,26751.0,0.9257848903547641,2,1
51,81300.0,0.2851380247029843,4,2
35,70337.0,0.0,2,0
29,36145.0,0.5031656726657318,1,1
34,65295.0,0.0,4,0
51,68118.0,0.32625183261620344,2,4
47,68743.0,0.0,2,0
32,41039.0,0.0,1,0
59,38946.0,0.480209430206577,2,2
47,65777.0,0.0,2,0
38,66476.0,0.33222527613336583,4,4
42,86857.0,0.0,4,0
32,160803.0,0.0,4,0
25,77845.0,0.0,4,0
45,69476.0,0.0,4,0
54,50611.0,0.40379317524557773,4,4
44,61209.0,0.0,2,0
56,42315.0,0.45527509372628666,3,2
62,13084.0,0.0,0,3
65,47570.0,0.7360072991530527,3,4
53,61923.0,0.6469918878624031,3,2
19,34824.0,0.0,2,0
65,26518.0,0.9285392555868337,4,4
53,45938.0,0.0,2,0
54,78468.0,0.0,2,0
41,78901.0,0.29182629599537857,2,4
36,71427.0,0.5994489079147881,2,1
36,71022.0,0.3162006470920867,2,4
26,90247.0,0.0,3,0
46,41335.0,0.4622521614751373,3,4
44,35682.0,0.5071781600560821,4,4
63,43185.0,0.44925823005470994,2,4
66,66375.0,0.332599910411034,4,3
28,25252.0,0.6189810371908763,2,1
49,55250.0,0.37983308918663927,3,4
39,33249.0,0.5293884322777949,2,4
61,58398.0,0.0,2,3
32,50272.0,0.4056646649710735,2,1
39,76618.0,0.0,4,0
54,87305.0,0.0,1,0
36,25851.0,0.6111944380837914,2,1
44,58710.0,0.36375305842034167,2,4
56,45160.0,0.7535792271059671,2,4
49,74806.0,0.304002830160883,3,2
60,59111.0,0.0,2,3
30,18988.0,0.714883553981212,4,1
49,72190.0,0.0,2,0
38,7500.0,1.01423193331738,2,1
59,80395.0,0.0,2,0
38,75012.0,0.0,3,0
49,56962.0,0.8851679446959431,3,2
23,89891.0,0.0,2,0
65,35946.0,0.8300509622992642,4,4
61,53593.0,0.6956762509629061,4,3
66,45072.0,0.959071529446879,4,4
41,89694.0,0.5257302329492746,2,4
65,72025.0,0.0,2,3
41,67432.0,0.32872091174267987,2,1
62,70545.0,0.3178085875237867,3,3
25,17487.0,0.7427414330838786,0,1
45,62882.0,0.3461019772059398,2,2
61,64108.0,0.3412387777087372,4,4
58,34941.0,0.8394347828630363,3,2
64,48767.0,0.9346216112899588,4,4
36,38702.0,0.4821238880805192,1,1
50,82224.0,0.0,2,0
62,83844.0,0.0,2,3
39,17003.0,0.7522258705865712,1,1
19,71163.0,0.0,2,0
44,33697.0,0.5251501942337664,2,4
60,63564.0,0.0,1,3
42,83443.0,0.0,4,0
56,51518.0,0.3988708805500637,4,2
45,80952.0,0.0,2,0
35,75507.0,0.0,2,0
36,63855.0,0.0,1,0
42,62220.0,0.34878653843176,4,1
50,58512.0,0.3646360641725375,2,2
35,40662.0,0.4671710099069681,3,1
55,38829.0,0.4811254898118655,4,2
33,35523.0,0.5085712397198816,1,1
47,79146.0,0.5658439199223823,2,4
26,78285.0,0.0,3,0
36,31626.0,0.5453487816584051,4,4
62,75127.0,0.0,2,3
59,48726.0,0.4144272666821345,2,2
37,74985.0,0.0,2,0
27,67430.0,0.0,2,0
49,46891.0,0.42533934153384606,1,2
58,62058.0,0.34944989664667997,3,2
35,72063.0,0.312747762007343,2,1
63,78939.0,0.0,4,3
49,42720.0,0.7723123387030886,2,4
42,33622.0,0.8521122533088279,2,1
57,6835.0,1.0409714168555988,4,2
61,41452.0,0.7824497421060264,2,3
49,40760.0,0.4664481230787145,4,4
56,74250.0,0.0,4,0
59,51124.0,0.7116292797568724,3,4
43,72258.0,0.31210939389316394,2,4
40,71466.0,0.0,4,0
38,36283.0,0.8269557709111119,2,1
44,20587.0,0.6875413094503873,2,4
42,30467.0,0.557365596268311,2,1
42,31590.0,0.5457140187265314,2,1
28,20425.0,0.6902105818929669,0,1
54,17144.0,1.0581757697508718,3,2
46,42564.0,0.4535363474578781,4,4
36,43783.0,0.4452153879412632,3,1
38,40780.0,0.46630087495955763,2,4
69,62847.0,0.0,3,3
57,82017.0,0.0,4,0
64,16813.0,0.0,2,3
36,51267.0,0.7106841907429533,2,1
53,46524.0,0.4275920874700608,2,4
52,45183.0,0.0,3,0
60,70421.0,0.31822928541805806,4,3
49,60161.0,0.3574115835120492,1,4
41,73926.0,0.0,2,0
46,19329.0,0.7088610396251401,2,2
44,61872.0,0.35021467657337463,3,1
58,46984.0,0.7401989651325821,2,4
63,34838.0,0.8404097466985821,2,3
70,82716.0,0.0,4,3
56,48192.0,0.0,2,0
38,49681.0,0.7213175021577047,3,1
43,56850.0,0.37222227512723827,3,1
57,55267.0,0.37975057098998716,2,2
42,59666.0,0.6594638070564017,2,1
42,72504.0,0.3113078010430877,2,4
33,26872.0,0.0,2,0
42,21359.0,0.6751139659323168,2,4
39,73170.0,0.0,2,0
59,52750.0,0.3923761402824977,3,2
28,91820.0,0.0,4,0
44,65968.0,0.33411824553353486,4,1
38,30772.0,0.8810164949627243,2,1
60,22507.0,0.0,2,3
42,65685.0,0.33518225478710284,2,1
36,25804.0,0.6117980450378712,1,1
34,76412.0,0.0,4,0
42,22063.0,0.6641855751220005,2,1
53,57091.0,0.0,2,0
55,78353.0,0.2933986071181317,1,4
60,93404.0,0.7204028772398587,2,3
52,37859.0,1.0114444746953228,2,4
56,80995.0,0.2859711916552165,4,4
30,16529.0,0.7617695674817332,2,1
38,55412.0,0.6843976368063166,4,4
22,48789.0,0.0,2,0
47,56575.0,0.6773861096456081,4,2
34,25130.0,0.6205923052393276,1,1
47,35441.0,0.8347371698541701,2,2
58,71391.0,0.3149679643816932,2,2
42,49494.0,0.4100268734015169,3,4
34,81702.0,0.0,2,0
34,45889.0,0.43154762441818817,1,4
37,56628.0,0.3732598098966194,2,4
64,34026.0,0.8481844132584678,2,3
40,40049.0,0.4717450426819786,2,1
33,19419.0,0.7072894061533902,2,1
54,82504.0,0.0,1,0
44,81205.0,0.0,2,0
23,61618.0,0.0,1,0
58,55284.0,0.37966808903005655,3,4
51,49980.0,0.4072908288153686,2,4
34,15072.0,1.062709215646608,2,1
40,49166.0,0.4118945703989527,2,4
57,82347.0,0.0,1,0
48,30843.0,0.8802697547133159,4,2
40,46374.0,0.4285198141323912,4,1
35,60474.0,0.356072796778352,2,4
41,38576.0,0.48311861032951187,3,1
29,55357.0,0.6847330097092416,2,1
48,37758.0,0.8137010072706141,2,2
25,85710.0,0.0,1,0
45,23228.0,0.6468925985402094,2,2
45,44602.0,0.7577767429592428,3,2
27,7500.0,0.0,2,0
25,38683.0,0.4822736182948688,1,1
39,49514.0,0.40991354438962097,1,4
41,57906.0,0.3673657045542334,4,1
48,43456.0,0.4474168969832244,3,4
28,19485.0,1.0218231208717443,3,4
36,53172.0,0.39020040855469706,2,1
35,30545.0,0.5565397913192577,2,1
31,70123.0,0.0,4,0
55,62450.0,0.34784908606464104,2,4
38,21675.0,0.6701622463547512,2,1
33,42395.0,0.7748835447089353,1,4
36,61346.0,0.3523958382959668,3,1
61,80812.0,0.0,2,3
43,42835.0,0.771406927401587,3,4
31,39922.0,0.47270411599451867,2,1
58,86424.0,0.0,3,0
36,17117.0,0.7499686538725897,1,1
42,24762.0,0.625505816802022,2,4
39,35797.0,0.5061754411785527,2,1
39,36627.0,0.8238223129388385,2,4
33,51111.0,0.7117153290789725,1,1
44,82072.0,0.0,4,0
61,46231.0,0.9512434806070009,4,4
55,42243.0,0.7760924281263313,2,2
52,51195.0,0.71115970696885,2,2
36,68092.0,0.0,3,0
41,31814.0,0.5434495655074276,2,1
49,51390.0,0.7098734075482012,3,4
31,76630.0,0.0,2,0
23,26868.0,0.5984294026478313,0,4
42,55260.0,0.3797845446810537,4,4
58,64090.0,0.34130918158827356,2,2
56,78331.0,0.29346208500205007,2,4
40,37087.0,0.49519908009307667,4,1
28,21846.0,0.6675143423242966,2,4
56,81320.0,0.0,2,0
44,54137.0,0.38531565350976943,2,4
47,66825.0,0.0,2,0
41,57100.0,0.0,2,0
45,58917.0,0.8742285747540731,2,2
37,85072.0,0.0,2,0
53,86429.0,0.0,2,0
43,45684.0,0.43284051837654397,2,4
40,47889.0,0.4193333491336816,2,1
28,45921.0,0.0,4,0
48,78420.0,0.0,4,0
22,75114.0,0.0,2,0
51,52278.0,0.39483893268453585,4,4
42,35641.0,0.507536634403624,3,1
20,95529.0,0.0,2,0
60,62820.0,0.0,2,3
54,73113.0,0.0,3,0
60,42607.0,0.45323744877613886,1,4
60,74637.0,0.0,4,3
59,46015.0,0.7472433224502202,4,2
21,72354.0,0.0,2,0
45,39858.0,0.4731889358596274,3,4
66,34469.0,0.8439232042101705,4,3
28,83033.0,0.2804951400045379,2,1
35,24401.0,0.0,3,0
36,77583.0,0.0,2,0
32,74116.0,0.0,1,0
38,68397.0,0.3252583019231292,4,1
40,79632.0,0.0,4,0
25,46107.0,0.4301813149886481,2,4
63,64950.0,0.33797785264925384,4,4
25,25443.0,0.6164758691005942,0,1
43,32892.0,0.5328163489520451,4,1
43,71796.0,0.0,2,0
44,67536.0,0.32834417165391533,4,1
43,55239.0,0.3798865026347859,2,4
39,60554.0,0.35573223762950945,4,4
62,64831.0,0.6316305580604012,1,4
52,56067.0,0.3759079228844782,4,2
31,82025.0,0.0,2,0
61,94384.0,0.0,2,3
28,14906.0,0.0,0,0
27,51563.0,0.0,4,0
32,57937.0,0.3672250680897501,1,1
35,68274.0,0.6143967007483258,2,4
37,39771.0,0.47384961530121167,2,1
39,67893.0,0.3270575328209872,1,4
35,27922.0,0.5857696058720473,4,1
38,52190.0,0.7046474565151787,4,1
41,44051.0,0.7619711615693516,3,4
43,42767.0,0.7719420243722424,4,4
38,46106.0,0.7465756816167632,3,1
38,16927.0,1.0617103807482704,4,1
49,59754.0,0.35916770815132626,2,2
62,53700.0,0.38751230097102823,2,4
41,59041.0,0.6630070512287506,2,1
57,54237.0,0.38481652451815207,4,4
47,70647.0,0.317463368385064,2,4
52,52597.0,0.393171048451938,4,4
45,41021.0,0.4645339489887925,3,2
39,40233.0,0.47036253150083557,4,1
34,50183.0,0.7179154856072384,2,1
55,54753.0,0.3822616604165039,2,2
41,92955.0,0.0,2,0
41,33471.0,0.5272795021501029,2,1
40,34596.0,0.5168516931681922,4,1
34,44010.0,0.44370002448865514,2,1
26,84219.0,0.0,2,0
46,40706.0,0.9899752646782338,4,2
26,15716.0,0.7787604728521121,1,1
55,59052.0,0.3622379952685333,1,4
43,80573.0,0.0,3,0
52,83715.0,0.0,2,0
55,82576.0,0.0,3,0
62,35704.0,0.8322893860422804,2,3
60,53103.0,0.39055448527408965,2,3
54,46779.0,0.7416773978780472,1,4
49,4861.0,0.0,2,0
35,33462.0,0.5273646642018054,3,4
64,80763.0,0.0,2,3
40,65352.0,0.3364430334069278,4,1
36,82170.0,0.0,4,0
45,75759.0,0.0,2,0
38,79689.0,0.0,1,0
58,35340.0,0.8356814129193997,4,4
60,85683.0,0.0,2,3
42,24884.0,0.6238679345103777,1,1
33,42021.0,0.4573456119116304,3,1
25,64449.0,0.33991052675064487,2,4
60,64587.0,0.6328901909359498,2,4
36,75437.0,0.0,2,0
41,52845.0,0.39188420436415067,2,1
58,46086.0,0.4303125496633356,2,4
58,78028.0,0.2943391678230381,4,4
27,95169.0,0.0,4,0
33,56337.0,0.6788086449260574,1,1
27,22434.0,0.6585743486280874,2,1
60,36930.0,0.4965089013920235,4,3
60,36130.0,0.5032946492314374,2,4
61,65569.0,0.3356203623543609,3,3
51,36736.0,0.8228348707293316,4,4
35,77568.0,0.29568084003657846,2,1
38,49187.0,0.4117744757894356,4,1
36,30168.0,0.5605546950546195,2,4
46,34053.0,0.5218315792818958,3,2
43,38196.0,0.8098539672841243,3,1
63,59412.0,0.0,3,3
49,70924.0,0.0,1,0
45,54165.0,0.0,2,0
41,32300.0,0.5386022770725323,2,1
38,20180.0,0.0,2,0
41,34961.0,0.5135585896838981,2,1
40,28440.0,0.5797485422669719,4,1
61,64504.0,0.8445633574209077,4,3
48,33564.0,0.5264011426742446,3,2
36,17345.0,0.7454974409069755,2,1
47,56320.0,0.3747089901180338,4,2
36,28647.0,0.5773780390015641,2,4
27,15038.0,0.7935698388808117,0,4
56,32173.0,0.5398603643920565,4,4
50,68316.0,0.32554611769501585,1,2
43,74538.0,0.0,2,0
43,91700.0,0.0,2,0
45,68695.0,0.0,2,0
37,31056.0,0.5511913756610257,1,1
34,28071.0,0.0,2,0
56,37334.0,0.8174633383272188,4,2
42,46423.0,0.7442598753721713,3,4
43,37126.0,0.49487480421349966,4,1
61,47703.0,0.42043962725724376,2,3
55,61180.0,0.3530898924318305,2,2
60,38998.0,0.8029116846820058,2,3
23,8028.0,0.0,2,0
52,76081.0,0.0,2,0
28,34728.0,0.515655783193418,2,1
49,33168.0,0.5301622212524943,3,4
48,33585.0,0.526203218478309,3,2
54,77037.0,0.29724497846646003,4,2
30,35196.0,0.5114610049432897,2,1
48,44529.0,0.44027444618233896,2,2
48,28764.0,0.902743613321019,4,2
65,69098.0,0.0,4,3
44,25959.0,0.9352249348818588,1,4
31,27100.0,0.5955944094557148,3,1
29,70596.0,0.0,2,0
40,42557.0,0.4535850433341398,2,1
63,53312.0,0.0,4,3
62,72228.0,0.0,2,3
27,67605.0,0.0,2,0
65,62845.0,0.64203768253806,3,3
56,65196.0,0.629755992501526,2,2
27,42000.0,0.0,4,0
41,35860.0,0.8308449170400677,4,4
50,65526.0,0.3357830577523761,4,2
53,16860.0,1.062709215646608,2,2
22,83528.0,0.0,2,0
49,64176.0,0.34097307161770024,1,4
58,22304.0,0.0,2,0
36,67023.0,0.0,2,0
48,70713.0,0.3172403934882695,2,2
59,59925.0,0.35842775924183456,2,2
61,39722.0,0.47422255042478495,2,3
56,46610.0,0.0,2,0
53,88347.0,0.0,2,0
33,87171.0,0.0,4,0
38,26907.0,0.9239512232692775,1,1
46,50014.0,0.4071008019623077,3,4
36,41014.0,0.46458507822778244,4,1
49,66294.0,0.0,2,0
43,36715.0,0.49831413296729954,2,1
58,79456.0,0.0,2,0
32,40479.0,0.46852701747209063,2,1
44,75345.0,0.0,3,0
37,54233.0,0.3848364645689234,2,1
44,24163.0,0.9574815015134098,2,4
56,84460.0,0.0,4,0
31,43776.0,0.44526228441182164,2,1
56,71691.0,0.0,4,0
41,85844.0,0.0,4,0
40,39190.0,0.47831041271452773,4,4
49,57236.0,0.6734679633730946,4,2
35,61825.0,0.3504084622644744,2,4
56,79803.0,0.2892748789726133,2,4
28,80910.0,0.0,1,0
32,27590.0,0.5896971392715895,3,1
35,56775.0,0.3725721411456169,2,1
39,83829.0,0.0,2,0
35,54210.0,0.3849511604273079,1,1
28,38508.0,0.48365718610058667,2,1
44,53187.0,0.39012352128193134,2,1
42,30023.0,0.5621148206131601,2,1
54,76045.0,0.0,4,0
62,50870.0,0.40237507635807335,4,3
40,65463.0,0.3360217127891834,1,1
49,66480.0,0.623252686802606,2,2
60,76773.0,0.0,2,3
31,81698.0,0.0,1,0
41,54466.0,0.6902147180564728,4,4
30,16269.0,0.7671158963781992,4,4
43,71819.0,0.31355025344187043,2,1
31,33569.0,0.5263540040220287,4,1
31,36262.0,0.0,3,0
48,22634.0,0.0,0,0
36,47025.0,0.42452280239875856,1,1
46,70566.0,0.31773745119704494,2,4
35,31605.0,0.545561775528674,4,1
41,52034.0,0.7056601148704577,3,4
35,48526.0,0.41558895798444506,2,4
60,46734.0,0.4263000961688963,2,3
52,39552.0,0.7981912976354846,2,4
48,86358.0,0.5377709962463008,2,4
37,46931.0,0.9465872015817904,2,1
29,16581.0,0.0,0,0
62,63998.0,0.0,1,3
63,67381.0,0.32890597782858344,3,3
47,25930.0,0.9355748078605162,2,4
36,42693.0,0.4526408517648342,2,1
38,85606.0,0.273875495309341,2,1
29,72903.0,0.0,2,0
40,49669.0,0.4090373919151122,1,1
46,36778.0,0.8224550807567275,4,2
52,85696.0,0.0,4,0
53,49678.0,0.40898663508926886,2,2
25,37155.0,0.49463395704368396,2,1
36,21282.0,0.6763322321298405,1,4
52,33419.0,0.5277719391803481,4,4
69,63285.0,0.0,2,3
40,21255.0,0.6767605117756205,3,1
33,42162.0,0.45635022270007614,2,1
58,54450.0,0.6903140010716973,2,2
60,57744.0,0.3681024170555082,4,3
28,26576.0,0.6020375792285205,2,4
71,57513.0,0.0,4,3
50,68142.0,0.3261661272676556,2,2
35,7500.0,1.01423193331738,2,1
40,83145.0,0.0,2,0
54,54197.0,0.3850160191092261,3,2
51,23091.0,0.9713670891700462,4,4
38,46049.0,0.7469937247735834,2,1
40,56715.0,0.0,2,0
53,79410.0,0.0,2,0
63,57304.0,0.3701185108114487,2,3
49,44375.0,0.44128527967127756,2,2
49,59594.0,0.35986285652024785,2,2
20,80685.0,0.0,2,0
40,40344.0,0.4695325012277266,4,1
42,62710.0,0.34679545998951405,2,1
46,48985.0,0.41293262177320034,1,2
46,35322.0,1.0315532932355689,2,2
66,77142.0,0.0,2,3
45,81657.0,0.0,2,0
18,14421.0,0.0,0,0
24,74214.0,0.0,4,0
57,66726.0,0.6220226439480618,3,2
35,23724.0,0.6398123393828864,0,1
54,47353.0,0.42253746409710435,3,2
62,33444.0,0.8538556699618787,3,3
33,54386.0,0.38407524335699567,2,1
33,28510.0,0.9055788195420511,2,4
23,90638.0,0.0,3,0
64,48070.0,0.4182624618352706,2,3
57,43140.0,0.4495654791514518,2,2
53,54959.0,0.38125124960731843,4,4
56,15056.0,1.062709215646608,0,4
43,26954.0,0.5973752453854276,2,4
29,22327.0,0.660182461711687,2,4
49,44393.0,0.7593618799707168,2,2
62,62000.0,0.34968801457852783,4,4
52,31497.0,0.5466598793002996,4,2
40,45894.0,0.748133046378563,1,1
44,78579.0,0.0,3,0
45,67369.0,0.32894955331107206,3,4
54,58401.0,0.36513297899558717,2,4
62,62307.0,0.3484313380740473,2,4
45,43641.0,0.7651247663434767,3,2
45,70091.0,0.31935436920435306,3,2
42,78075.0,0.0,4,0
53,59184.0,0.3616566369148121,1,4
37,54809.0,0.688093556961262,2,1
55,58113.0,0.3664286729045799,2,2
56,51412.0,0.3994398647048565,3,2
57,66636.0,0.0,3,0
58,50965.0,0.4018574491151995,3,2
24,18351.0,0.0,2,0
57,40451.0,0.7906582689908688,4,2
49,36317.0,0.5016915567827821,2,2
57,42213.0,0.4559912728937661,2,2
59,65748.0,0.3349447998544797,2,2
42,77044.0,0.2972242506550599,2,1
45,74918.0,0.0,2,0
42,56721.0,0.676516560448654,2,1
39,42160.0,0.7767542620637178,2,4
49,61559.0,0.3515092975771301,2,4
51,33629.0,0.8520438533275035,4,2
51,34377.0,0.5188483966121874,2,4
28,8940.0,0.9616161193445653,0,4
41,26228.0,0.6063970956455282,2,1
57,77297.0,0.0,1,0
33,40211.0,0.7926541761782383,2,1
56,33438.0,0.8539145747471978,4,4
55,75032.0,0.3033042171087948,4,2
59,61284.0,0.0,4,0
28,22518.0,0.6573176423216307,2,1
39,54730.0,0.38237480942010044,3,1
59,38452.0,0.8076237927413877,3,2
43,44421.0,0.7591491041817922,2,4
28,38197.0,0.48613607392178304,4,1
36,41986.0,0.45759337912671105,2,4
31,28427.0,0.5798980855388234,2,1
38,37395.0,0.4926498905695683,4,1
43,64722.0,0.33885463823087186,2,1
58,55249.0,0.3798379443272029,3,2
42,84906.0,0.0,2,0
62,44213.0,0.7607327888611015,2,4
30,25707.0,0.6130477091753167,0,4
47,59062.0,0.8734292656257769,4,2
52,76624.0,0.2984730890800269,2,4
67,66000.0,0.0,3,3
36,27683.0,0.5885914749920808,4,1
43,1730.0,0.0,2,0
22,7500.0,1.01423193331738,0,4
46,40521.0,0.7900781806311848,2,2
41,20427.0,0.6901774946654371,4,1
39,65106.0,0.3373805778145689,2,1
49,69969.0,0.0,4,0
62,67433.0,0.6185154608325951,2,3
47,77766.0,0.29510183232641307,4,2
42,74716.0,0.30428194146987797,2,1
44,55158.0,0.6859493480669543,4,1
59,62972.0,0.34574022205612237,1,2
39,74190.0,0.30592356498808104,2,1
38,39356.0,0.7998544111736764,2,1
45,76653.0,0.0,2,0
31,90687.0,0.0,4,0
32,73450.0,0.0,3,0
54,31454.0,0.8739017627206694,2,2
62,47139.0,0.7390852975771617,2,4
51,53378.0,0.6970353376814532,4,2
44,19656.0,0.7031858428910541,2,1
66,45579.0,0.4335057826046026,4,3
56,85485.0,0.0,1,0
70,55956.0,0.0,2,3
51,64191.0,0.3409145161432847,3,4
42,38808.0,0.48129028818347813,2,4
48,57183.0,0.6737803690882784,3,2
46,23748.0,0.6394738466366622,3,4
43,66303.0,0.33286749678180305,2,1
39,37368.0,0.49287228628654794,3,1
50,40800.0,0.9892849755549592,2,2
36,71847.0,0.0,2,0
39,46149.0,0.42991908919640626,2,1
31,78687.0,0.0,2,0
43,49118.0,0.0,1,0
57,37633.0,0.814806243780201,4,2
63,39767.0,0.0,3,3
63,26997.0,0.0,0,3
44,33986.0,0.5224528629837113,2,4
42,57091.0,0.37110251944915,4,1
45,46831.0,0.7413017839010695,1,2
42,83151.0,0.0,3,0
43,52531.0,0.0,2,0
58,15759.0,0.0,2,0
41,43050.0,0.450181260903304,1,1
37,42997.0,0.7701353523034556,4,4
51,48918.0,0.7265544481610398,4,4
60,60033.0,0.3579620067431884,3,3
36,34043.0,0.5219242120553932,4,1
48,57811.0,0.3677973656891308,2,2
68,78569.0,0.0,2,3
36,7500.0,1.062709215646608,2,4
43,157733.0,0.16496466218882425,3,1
29,23148.0,0.0,1,0
44,44267.0,0.7603209582654618,2,4
35,71626.0,0.0,2,0
48,60894.0,0.354292166216705,2,2
38,50200.0,0.7178008742470088,2,1
49,81051.0,0.0,4,0
32,65169.0,0.0,2,0
42,59868.0,0.3586740666683042,2,1
54,65695.0,0.3351445408699894,4,2
58,64857.0,0.0,3,0
49,45143.0,0.4362905679300541,3,2
59,74805.0,0.30400592856652386,1,2
25,59060.0,0.3622027077120866,1,1
52,27238.0,0.9200879926049437,4,4
49,47009.0,0.4246201323783641,2,2
41,46094.0,0.7466636490966896,1,1
30,37235.0,0.49397079060083765,2,1
54,81843.0,0.0,3,0
56,46692.0,0.4265578603422383,3,2
46,77382.0,0.29622684239095814,2,2
37,37774.0,0.8135597735106984,2,4
40,18393.0,0.725656467168758,0,1
52,72828.0,0.3102583482673261,3,2
32,24711.0,0.0,2,0
39,45503.0,0.4339886037895081,4,1
32,6560.0,0.0,3,0
69,71604.0,0.0,4,3
35,27244.0,0.5938487036134852,2,1
45,48752.0,0.7277045447512968,2,2
52,71434.0,0.3148249477387175,2,2
66,90842.0,0.0,2,3
36,88097.0,0.26775923060992335,3,1
39,51948.0,0.39657946799892874,2,1
32,71853.0,0.0,2,0
31,35876.0,0.0,3,0
62,40049.0,0.4717450426819786,2,4
32,39660.0,0.4746952857649243,2,4
52,50127.0,0.4064705305487385,2,2
37,43263.0,0.4487266750964824,3,1
24,18929.0,0.0,2,0
32,24367.0,0.6308707735209498,0,4
55,26887.0,0.5981961759097114,1,2
38,62061.0,0.34943758910080086,2,1
58,76542.0,0.0,4,0
21,70515.0,0.0,2,0
27,18227.0,0.7287239241394089,2,1
49,69139.0,0.32264543413208235,2,2
32,69109.0,0.0,2,0
52,69627.0,0.32094992736434974,2,4
36,38136.0,0.48662533127020463,2,1
68,62159.0,0.0,4,3
51,80695.0,0.0,2,0
43,33316.0,0.8551142651050873,3,4
46,58554.0,0.6657957439886661,2,2
22,17256.0,0.7472359787652233,0,1
40,53034.0,0.6992215846602132,2,4
64,52203.0,0.0,1,3
37,59601.0,0.35983238695903225,1,4
56,75154.0,0.30292843101808004,3,4
38,47025.0,0.42452280239875856,2,4
41,37971.0,0.4879537819967805,2,1
56,67267.0,0.3293204152259538,2,2
39,57338.0,0.36996192671601175,2,4
54,50523.0,0.715630614591654,1,2
45,56242.0,0.3750777966725997,4,2
54,48904.0,0.4133988834710467,2,4
39,56243.0,0.8892690528832479,2,4
29,21355.0,0.6751771388772198,2,1
43,57420.0,0.3695848328130274,3,1
59,46390.0,0.4284206620435334,3,4
58,54342.0,0.690984950204552,1,2
41,20895.0,0.6825259232752778,2,1
66,92344.0,0.0,2,3
34,44964.0,0.7550479299884345,2,1
42,53761.0,0.6946181554842032,3,1
41,22682.0,0.6548784884817392,2,1
42,38887.0,0.48067092973299064,4,1
39,41658.0,0.7807832915679025,1,4
42,29791.0,0.5646297172070887,4,1
58,63915.0,0.6363865747454387,3,2
40,39996.0,0.7944514849288029,2,4
42,26759.0,0.5997710369069149,2,4
45,51039.0,0.7121923096662656,4,2
53,60544.0,0.6545527254902995,2,2
61,37716.0,0.4900214665326113,2,3
57,36864.0,0.49706164257825847,2,4
44,44511.0,0.44039235270702903,3,1
47,36947.0,0.8209307542993485,4,2
61,67087.0,0.3299769372957565,3,3
64,57045.0,0.3713157228386046,2,3
61,36957.0,0.8208407514573551,4,4
37,69389.0,0.32177458617281457,4,1
45,43142.0,0.7690010375094376,3,2
70,80589.0,0.0,2,3
24,34412.0,0.5185282286276662,2,4
35,57537.0,0.3690481267040322,2,4
66,51315.0,0.0,2,3
42,36026.0,1.025875711466231,2,1
41,24639.0,0.9514634706491527,2,1
42,34578.0,1.0376382083886437,4,1
42,65704.0,0.0,1,0
45,54132.0,0.3853406443339779,4,2
44,28164.0,0.582940669635397,2,1
42,43269.0,0.4486858392116358,4,1
56,38741.0,0.8051221713367227,1,4
42,31907.0,0.0,2,0
41,31163.0,0.5500848128265559,1,4
29,92533.0,0.0,2,0
41,34853.0,0.8402676061977291,2,4
47,70844.0,0.6021557261749245,2,4
35,31086.0,0.8777247237292238,1,1
28,20491.0,0.0,1,0
50,42523.0,0.0,2,0
62,33402.0,0.854268192969629,2,3
65,36408.0,0.8258141376795216,3,3
35,21645.0,0.670629066831614,2,1
66,78427.0,0.0,3,3
68,82657.0,0.0,2,3
56,51876.0,0.0,2,0
43,78041.0,0.0,1,0
57,52852.0,0.39184800581839196,2,2
32,70038.0,0.0,4,0
41,69401.0,0.3217329045596943,1,1
42,46053.0,0.4305189398452095,2,1
49,77343.0,0.0,2,0
61,73892.0,0.0,2,3
47,40304.0,0.4698312671054898,4,4
49,32727.0,0.0,4,0
43,43300.0,0.4484749741106125,2,4
42,26290.0,0.9312528224265074,2,1
44,93790.0,0.0,2,0
40,38410.0,0.0,4,0
64,64866.0,0.33830034616473986,3,4
55,57957.0,0.36713439259074016,2,2
36,16531.0,0.761728752262939,2,1
28,28072.0,0.5840127996357064,3,1
51,49476.0,0.41012892381011556,3,4
61,50725.0,0.40316774753494866,2,3
64,41145.0,0.7849475664915244,4,3
44,67419.0,0.3287680655183528,2,1
44,23162.0,0.9704327867488443,1,1
37,34380.0,0.5188209377755082,2,1
48,34704.0,0.5158727997351249,2,4
45,94871.0,0.5081005298673008,4,2
56,65148.0,0.3372201365123057,2,2
60,39898.0,0.4728858047691581,2,3
44,59892.0,0.35857031663917915,4,1
27,41020.0,0.0,3,0
53,57072.0,0.37119055172678045,4,2
33,19414.0,0.7073765254916012,1,1
34,19107.0,0.7127695663312041,2,1
38,75484.0,0.30191664007494107,1,1
38,70379.0,0.3183720342974285,3,4
44,79419.0,0.0,3,0
68,64014.0,0.8470755889456864,4,3
59,76998.0,0.2973605152530092,2,2
42,49854.0,0.4079966157092119,3,1
43,60585.0,0.6543252628440647,4,1
64,42873.0,0.7711082506734231,4,4
26,87679.0,0.0,2,0
36,57867.0,0.3675427889181081,2,1
24,35765.0,0.5064540512078011,2,1
55,65492.0,0.0,2,0
37,32952.0,0.5322370480099734,2,4
45,53374.0,0.38916755994539615,4,2
55,71706.0,0.3139233056158954,2,2
26,68487.0,0.0,2,0
39,53253.0,0.6978280862278219,3,1
37,42014.0,0.45739514351420124,2,1
41,54108.0,0.6924434040652255,3,1
59,49667.0,0.0,4,0
40,63206.0,0.0,3,0
42,57136.0,0.6740576630217768,3,1
39,46772.0,0.4260671531489042,1,1
43,78931.0,0.0,4,0
56,53977.0,0.3861169892971037,2,2
49,73538.0,0.3079833438824697,2,2
28,79529.0,0.0,2,0
37,20981.0,0.0,1,0
34,51766.0,0.3975460611689485,2,4
52,55759.0,0.3773780005585637,2,2
42,37787.0,0.4894439636212673,3,1
44,27242.0,0.5938728769831361,2,4
31,87188.0,0.0,4,0
43,69930.0,0.0,2,0
38,37697.0,0.4901762455952909,2,4
41,3502.0,1.062709215646608,2,4
38,58597.0,0.6655485244222991,2,1
66,82032.0,0.0,4,3
56,28087.0,0.9103456498764356,2,2
27,74004.0,0.0,4,0
54,19740.0,0.7017434788111763,2,2
39,57036.0,0.3713574654981158,1,1
56,53083.0,0.6989092868352996,1,2
39,69283.0,0.32214324678650086,4,1
26,23331.0,0.6454088670907446,1,1
26,23331.0,0.6454088670907446,1,4
25,9255.0,0.9509492304547653,2,4
55,67786.0,0.0,4,0
43,71969.0,0.31305642830278313,4,1
47,59235.0,0.36143252547260735,3,4
25,31928.0,0.5423045180786815,2,1
53,74881.0,0.583915032267789,3,2
36,65819.0,0.0,2,0
61,51411.0,0.9179887521708682,4,4
50,51983.0,0.39639412984553984,2,4
27,30390.0,0.0,1,0
51,30983.0,0.0,2,0
57,66033.0,0.3338748226640404,2,4
39,37284.0,0.8179095203035921,1,1
63,57530.0,0.3690801930354945,3,4
49,76800.0,0.0,1,0
58,63943.0,0.3418852450465031,2,2
47,37054.0,0.8199688445326733,3,2
52,47175.0,0.7388271510971212,3,2
38,31859.0,0.5429969801406138,2,4
53,27215.0,1.062709215646608,2,4
38,70179.0,0.3190535641655301,4,4
26,24645.0,0.6270850036155567,2,1
60,79865.0,0.28910115143757464,2,4
29,44322.0,0.4416342554331839,2,1
62,47958.0,0.41892445520717647,2,4
50,63972.0,0.3417714446552871,3,4
60,75315.0,0.3024339485270907,2,3
64,55517.0,0.6837583392756066,4,3
57,75283.0,0.7931554191244757,4,2
28,27161.0,0.5948536134689694,3,1
54,38201.0,0.4861040265417086,4,2
32,45203.0,0.7532578305830722,2,1
67,81574.0,0.0,4,3
38,60482.0,0.356038711249907,3,4
58,34633.0,1.0371853495880003,2,2
67,78093.0,0.0,3,3
64,82460.0,0.0,2,3
48,45903.0,0.4314596151346067,3,2
62,40442.0,0.7907329187933939,3,3
49,61482.0,0.0,2,0
34,34968.0,0.5134958540044312,2,1
27,75794.0,0.0,2,0
59,74268.0,0.0,2,0
26,13724.0,0.824091516481063,0,1
47,52569.0,0.3933168747613718,4,4
41,48432.0,0.4161372364689263,4,4
30,36108.0,0.5034839371851623,2,4
43,76445.0,0.2990085469043128,2,1
39,36663.0,0.4987527632142393,4,1
49,53843.0,0.38679070639744106,3,2
58,90226.0,0.0,3,0
59,70638.0,0.0,3,0
54,44512.0,0.758458466134631,2,2
53,27116.0,0.9215075899819022,2,2
51,54072.0,0.6926683583738588,4,2
37,71855.0,0.31343159240059293,2,1
24,51250.0,0.40031262631802383,1,4
41,60432.0,0.35625185392963366,3,1
36,12393.0,0.0,1,0
24,64509.0,0.0,2,0
39,33955.0,0.5227408358468384,2,4
30,55434.0,0.37894187372695054,2,1
31,28359.0,0.5806816122500408,2,1
27,57100.0,0.37106083467176,2,4
58,52973.0,0.3912233556716073,3,2
49,51717.0,0.3978071132107361,4,2
43,18793.0,0.7183765706069984,2,1
55,50664.0,0.7146875855735308,2,4
51,54414.0,0.6905374980351577,2,2
62,54549.0,0.3832676121771001,4,3
43,47111.0,0.42400042822092393,4,4
51,41003.0,0.0,4,0
32,19444.0,0.7068541500676807,2,1
38,36301.0,0.501828311297164,1,1
45,42731.0,0.45237774761205113,4,2
55,52854.0,0.7003713377438723,4,2
36,22775.0,0.6535037089851959,2,1
59,59821.0,0.35887741947445156,4,2
60,50002.0,0.40716784975028775,2,4
69,69755.0,0.0,2,3
45,44078.0,0.7617644653529705,2,2
38,30560.0,0.5563812713534041,3,1
45,35924.0,0.8302539081528061,3,2
50,64140.0,0.6352114336008499,4,4
33,56386.0,0.6785152564949225,2,1
33,75774.0,0.30103308856470073,1,1
54,39228.0,0.0,3,0
40,58494.0,0.3647165521461687,3,1
33,58684.0,0.0,2,0
47,57136.0,0.0,2,0
64,56551.0,0.6775292742542566,4,4
32,22448.0,0.6583645481815208,2,1
53,82014.0,0.0,2,0
51,34213.0,0.8463798691702948,2,4
37,157146.0,0.0,2,0
67,25358.0,0.6175881272829312,4,4
36,35544.0,0.5083867995484399,3,4
60,36634.0,0.49899772681925186,3,3
60,62670.0,0.34695713702527115,4,3
42,50334.0,0.40532107488786695,1,1
33,72066.0,0.0,2,0
56,50729.0,0.7142537431662819,4,4
46,34916.0,0.8396711950932354,2,2
38,64892.0,0.3382004604559918,2,4
48,43602.0,0.765426206326479,2,4
29,41473.0,0.46125653904924163,1,4
47,63246.0,0.6399076078764756,4,2
55,36732.0,0.8228710612613997,4,2
29,37929.0,0.0,4,0
63,86610.0,0.0,2,3
28,80141.0,0.0,3,0
44,69016.0,0.32307563650564175,2,1
23,20193.0,0.0,1,0
39,27573.0,0.589899714637106,2,1
35,15862.0,0.775649228976917,0,4
38,49544.0,0.4097436698310765,4,1
34,33228.0,0.5295888217110124,2,1
36,70440.0,0.0,2,0
43,38232.0,0.8095395372260792,2,1
59,22554.0,0.9785029698460536,4,2
31,23536.0,0.6424768627177584,4,1
62,49413.0,0.41048650591338937,2,3
45,42231.0,0.7761880396805929,2,2
34,78789.0,0.0,3,0
46,56534.0,0.3737008898163232,2,2
43,58350.0,0.3653617500938131,2,4
63,49090.0,0.4123297924685632,2,4
27,61787.0,0.0,3,0
29,18169.0,0.729802205477214,4,1
33,24336.0,0.6312958808430664,1,4
24,18222.0,0.0,2,0
62,62335.0,0.3483171759150504,2,4
43,42033.0,0.7777693099029831,1,1
31,86580.0,0.0,4,0
57,41437.0,0.782571386085449,4,4
63,73705.0,0.5891095921798366,3,4
38,61064.0,0.35357653396722005,2,1
25,18358.0,0.7263009321166507,2,4
41,55012.0,0.38099216237575323,4,1
41,9722.0,0.9356311374307265,0,1
30,38175.0,0.4863124116121708,4,1
58,58656.0,0.36399344959340013,3,2
49,52117.0,0.3956861671530587,2,2
36,64813.0,0.3385041436802042,2,1
41,54222.0,0.38489131048535363,4,1
28,83512.0,0.0,2,0
55,77520.0,0.2958215499305825,3,2
36,41154.0,0.463564665663426,2,1
48,80398.0,0.0,2,0
22,18746.0,0.7192239047495806,0,4
58,60230.0,0.3571155791816762,2,4
37,22108.0,0.984524761399893,2,1
40,44392.0,0.7593694814747505,2,1
38,55424.0,0.3789902007000163,4,1
35,17688.0,0.7388773311389744,2,1
31,92491.0,0.0,4,0
23,90273.0,0.0,2,0
52,82571.0,0.0,4,0
32,38513.0,0.48361754322174,4,4
35,16653.0,0.7592478769859647,3,4
59,42586.0,0.773370234419264,2,2
49,23529.0,0.6425765211870635,0,4
63,71107.0,0.3159158352712282,2,3
50,46910.0,0.7407319166602884,4,2
59,37244.0,0.8182668499012095,2,4
48,82427.0,0.0,2,0
56,75342.0,0.302351181910999,1,4
60,70044.0,0.319515260596638,2,4
51,77437.0,0.0,2,0
55,54984.0,0.381128994274541,2,2
43,42403.0,0.45465904982941,4,1
50,55761.0,0.3773684171133434,2,2
31,37292.0,0.4934993913260396,2,1
69,45576.0,0.0,4,3
67,70321.0,0.0,2,3
45,58086.0,0.36655062053663395,4,4
62,81795.0,0.0,2,3
67,28389.0,0.0,0,3
45,69901.0,0.3200057869345077,2,4
65,80360.0,0.0,4,3
34,31859.0,0.5429969801406138,1,4
65,51569.0,0.39859770829313085,4,4
35,16014.0,1.062709215646608,0,4
46,41120.0,0.785151732516807,2,2
43,39763.0,0.4739104618343307,3,4
59,38725.0,0.805260227734334,4,2
42,77981.0,0.2944756896705021,2,1
50,62905.0,0.3460094560499835,1,2
35,13533.0,0.8287436581127681,1,4
39,59481.0,0.36035544412437165,2,1
37,72117.0,0.31257072006370346,2,1
28,21955.0,0.6658379246733098,1,1
58,67131.0,0.3298162106390344,2,2
34,36802.0,0.49758203082671126,4,4
39,47808.0,0.4198143889704363,3,1
40,25509.0,0.6156151001024739,4,4
62,85431.0,0.0,4,3
47,42664.0,0.45284185125893317,2,2
37,28973.0,0.0,4,0
41,39435.0,0.47641895612413543,4,1
30,65370.0,0.0,1,0
35,20194.0,0.6940548075271455,0,4
38,42473.0,0.7742647725927204,4,4
46,64590.0,0.0,2,0
55,71232.0,0.31549793169017565,2,2
43,34600.0,0.8426721691198044,2,1
47,46904.0,0.7407751648750145,2,4
41,49094.0,0.41230686280894235,2,1
31,36075.0,0.5037681422078932,2,1
35,60839.0,0.6529197825874983,1,1
52,82122.0,0.0,1,0
62,34074.0,0.8477204026318202,2,3
54,28520.0,0.9054668148111494,3,2
59,62535.0,0.34750392151640447,2,4
37,36273.0,0.5020678151607028,3,4
50,63404.0,0.6390723715996962,2,2
38,78416.0,0.2932169822578541,2,1
40,75702.0,0.3012519671200286,2,1
63,59385.0,0.6610519272023494,3,3
63,44689.0,0.757118992910871,2,3
48,7144.0,1.062709215646608,4,4
58,90369.0,0.0,2,0
40,63159.0,0.0,4,0
51,46757.0,0.4261590734814366,4,4
45,79734.0,0.0,3,0
22,63207.0,0.0,2,0
60,72071.0,0.3127215208307019,2,4
31,21840.0,0.6676068794555489,4,1
32,58582.0,0.36432339613050646,1,1
63,72282.0,0.0,2,3
58,50387.0,0.7165427083125206,2,2
53,32583.0,0.8624018883409119,4,2
52,62568.0,0.3473701026009789,2,2
43,44635.0,0.7575271072304884,3,4
46,63967.0,0.34179105996146647,2,2
36,52513.0,0.0,1,0
45,25293.0,0.6184414963098652,2,2
49,54111.0,0.38544564160512806,4,4
28,78394.0,0.0,2,0
56,80739.0,0.0,3,0
39,22669.0,0.6550711443807885,3,1
27,29236.0,0.5707411340995866,2,4
55,44911.0,0.4377872413932929,2,2
52,54693.0,0.3825569739100658,4,2
40,48186.0,0.41757905824686786,2,1
36,41580.0,0.781413374272687,2,1
44,80336.0,0.0,4,0
57,47743.0,0.42020121869428484,2,2
60,57333.0,0.36998494539404647,4,4
32,32313.0,0.5384738360902995,4,1
61,84953.0,0.0,3,3
46,27071.0,0.5959472615875048,3,4
57,68148.0,0.0,3,0
49,65735.0,0.6270088912687756,3,2
39,86836.0,0.0,4,0
51,4023.0,1.062709215646608,4,2
24,30093.0,0.0,2,0
48,57705.0,0.36828021973975855,4,2
26,25008.0,0.6222123206467673,2,4
19,83257.0,0.0,1,0
39,22280.0,0.6608914331787299,2,1
36,72159.0,0.0,4,0
53,64260.0,0.0,2,0
30,82733.0,0.0,4,0
43,74290.0,0.30561009816619883,3,4
63,58217.0,0.8781104764380853,3,4
38,21024.0,0.0,3,0
42,70116.0,0.0,4,0
29,54006.0,0.38597149716472157,2,1
48,69063.0,0.322911113871168,4,2
39,11448.0,0.0,1,0
43,70886.0,0.31665742324450485,2,1
41,60208.0,0.6564230653063226,2,4
46,32889.0,0.8593428396137078,3,2
30,34738.0,0.5155654147966285,2,4
43,30538.0,0.5566137991259502,3,1
37,82326.0,0.0,1,0
47,26642.0,0.6012180936894209,4,4
50,69932.0,0.3198993203156209,2,4
42,44503.0,0.758526710879106,2,4
66,60200.0,0.3572442158845281,4,4
62,49638.0,0.40921231871897973,2,4
27,23830.0,0.0,1,0
55,33051.0,0.0,3,0
56,72905.0,0.0,2,0
63,69702.0,0.32069093742746,4,3
39,70300.0,0.3186408879088044,2,4
30,70643.0,0.0,4,0
45,30396.0,0.5581194869989816,4,2
46,50616.0,0.4037657030055685,4,4
45,62772.0,0.34654516074596436,3,4
29,30298.0,0.0,4,0
30,52413.0,0.394131343650936,2,4
57,44155.0,0.761175659592592,4,2
43,86979.0,0.0,4,0
39,76532.0,0.5767800027343659,2,1
32,42081.0,0.45692150258757375,2,1
25,88420.0,0.0,3,0
29,31158.0,0.5501364195925639,2,1
46,61671.0,0.35104493846835066,2,4
40,69719.0,0.0,2,0
65,49160.0,0.41192889618374673,2,4
60,90933.0,0.0,4,3
69,113734.0,0.0,4,3
31,22148.0,0.0,2,0
27,73395.0,0.0,3,0
43,29819.0,0.5643249654791946,2,4
46,45688.0,0.43281521595872824,2,2
43,60491.0,0.35600037290255543,4,1
28,33235.0,0.5295220079479969,2,1
55,35701.0,0.0,2,0
34,31535.0,0.5462729917370479,3,1
54,92556.0,0.0,1,0
44,67384.0,0.3288950857756718,2,4
47,77870.0,0.2947986198931898,2,2
46,57107.0,0.37102841971866474,2,4
33,36038.0,0.5040871866698988,4,4
49,34230.0,0.8462162409070917,4,2
37,31878.0,0.5428061209882139,1,4
42,70932.0,0.31650277676645844,1,1
58,91249.0,0.0,2,0
71,77598.0,0.0,3,3
55,80982.0,0.5584147124952245,2,4
37,22701.0,0.6545971277227941,3,1
44,70617.0,0.0,2,0
57,64849.0,0.0,2,0
49,62694.0,0.6428436226445086,3,2
40,61917.0,0.647024389460556,4,1
67,67472.0,0.3285759086551819,4,3
32,21059.0,0.6798866899815729,3,1
46,29543.0,0.8941722829463744,3,2
63,75903.0,0.30064173049587095,2,3
39,34984.0,0.8390284972203369,1,1
58,54998.0,0.3810605659066501,4,4
65,54356.0,0.3842242623118657,4,4
55,34242.0,0.5200871331234558,3,2
41,25410.0,0.616907192240023,2,1
30,73356.0,0.0,4,0
64,28320.0,0.5811319755784643,2,3
37,23763.0,0.6392624783868354,2,4
30,72570.0,0.0,2,0
38,34529.0,0.5174608839618662,3,1
63,70792.0,0.0,2,3
32,63211.0,0.0,2,0
40,83891.0,0.2782522727281721,3,1
46,36065.0,0.8289550973746703,2,4
74,51141.0,0.0,4,3
38,56939.0,0.371807961175672,2,1
63,80872.0,0.0,2,3
38,72335.0,0.0,4,0
50,61798.0,0.0,4,0
64,76842.0,0.0,4,3
38,29478.0,0.5680596441480326,2,1
58,46998.0,0.42468707300467085,2,4
24,96843.0,0.0,2,0
49,70053.0,0.3194844389681669,3,2
52,71670.0,0.0,4,0
36,44359.0,0.7596204228193484,2,1
62,40887.0,0.787060103978168,2,4
48,48877.0,0.41355454126602875,2,4
67,74485.0,0.0,2,3
42,64474.0,0.3398135577531615,2,1
51,77226.0,0.2966863465291609,2,2
65,72643.0,0.0,2,3
36,85738.0,0.0,3,0
48,55686.0,0.3777281333256394,2,4
31,39062.0,0.47930470497483807,2,4
39,40794.0,0.4661978575891432,2,1
45,4428.0,1.062709215646608,2,2
51,32632.0,0.0,1,0
46,38236.0,0.8095046169986629,4,4
35,36781.0,0.4977585438406986,2,1
30,31385.0,0.5478034635517463,3,4
30,24570.0,0.6281016766543414,2,1
63,94642.0,0.0,2,3
52,58646.0,0.36403800169210254,3,2
39,53201.0,0.6981584310149691,2,4
36,57113.0,0.674193447475927,2,1
23,51373.0,0.0,2,0
28,23477.0,0.6433178531039596,2,1
58,58116.0,0.36641512822627087,2,2
51,72968.0,0.0,4,0
43,39791.0,0.47369756860460005,3,1
67,91712.0,0.0,3,3
56,94472.0,0.2532883166564773,2,4
54,13672.0,1.062709215646608,2,2
34,96547.0,0.0,1,0
39,79205.0,0.0,2,0
39,56559.0,0.37358347853850815,4,1
41,32644.0,0.5352245847519608,4,1
34,67506.0,0.32845275734697715,1,4
44,24206.0,0.6330851091144055,2,4
47,28420.0,0.5799786418482492,4,4
44,22979.0,0.6505091115087765,2,1
48,33279.0,0.0,2,0
37,30368.0,0.5584173736298073,2,1
44,63684.0,0.342904999802593,2,1
50,41638.0,0.4600718353271306,2,4
55,68805.0,0.3238163239589798,4,4
48,65814.0,0.33469640103010534,4,2
56,71964.0,0.0,2,0
28,39146.0,0.4786517259431704,2,4
37,96876.0,0.0,2,0
33,34445.0,0.0,0,0
56,68281.0,0.0,2,0
31,36790.0,0.0,2,0
47,27943.0,0.9119814660790693,2,2
63,22263.0,0.9824220335598277,2,4
42,30261.0,1.062709215646608,2,1
36,28587.0,0.5780630788508756,2,1
32,43815.0,0.44500113185387097,3,1
58,48195.0,0.7315920956414983,2,2
62,77027.0,0.2972745946716185,3,3
49,71322.0,0.3151977298355058,4,2
35,32765.0,0.5340468140878306,3,1
61,23272.0,0.0,2,3
65,49912.0,0.4076714221417347,3,3
29,7500.0,1.01423193331738,1,1
67,68117.0,0.3262554046572429,4,4
59,67225.0,0.3294733681235449,2,2
38,17649.0,0.7396237217998379,2,1
39,55914.0,0.37663673902886735,2,1
30,40059.0,0.4716696934669647,2,1
64,60905.0,0.354245772148045,2,3
37,75330.0,0.5819566211299166,2,1
63,60689.0,0.35515903255174236,2,4
30,38680.0,0.4822972685792206,2,1
32,61416.0,0.0,2,0
23,49767.0,0.0,2,0
44,83273.0,0.7592154562333467,2,4
33,29009.0,0.5732802616401605,2,1
35,45057.0,0.4368441556870813,3,1
43,37150.0,0.494675465334388,2,1
44,43020.0,0.45038690279094673,2,4
55,53154.0,0.3902927137626766,2,2
41,65308.0,0.0,2,0
44,76467.0,0.2989426322785366,2,4
67,81044.0,0.0,1,3
63,32871.0,0.8595221151723669,2,3
39,55801.0,0.6820354755729393,2,4
55,76320.0,0.29938361769558314,2,4
59,36927.0,0.8211108248773625,3,4
61,48794.0,0.7274131904099174,2,3
49,23478.0,0.0,2,0
41,71128.0,0.31584554957246624,2,4
64,59462.0,0.3604384023248765,2,3
36,42554.0,0.7736233286505394,2,1
63,67046.0,0.330126847471573,2,4
66,42192.0,0.0,2,3
62,77610.0,0.29555782929815216,4,3
30,31761.0,0.5439836056495373,2,1
35,34350.0,0.5190956601708765,2,1
65,54591.0,0.3830600670698956,2,3
58,71866.0,0.31339535289536097,2,2
31,69520.0,0.0,2,0
44,64713.0,0.33888934229947887,2,4
37,27889.0,0.586157570610288,3,1
54,22123.0,0.0,0,0
41,27803.0,0.5871711313746949,2,1
54,51651.0,0.39815928334612777,2,2
22,87000.0,0.0,1,0
55,79823.0,0.2892188148936958,2,2
34,30828.0,0.5535646289862943,2,4
43,34109.0,0.5213134576910389,3,1
40,53367.0,0.6971050231970309,3,4
45,22390.0,0.0,0,0
38,71322.0,0.3151977298355058,2,1
21,79244.0,0.0,2,0
64,48699.0,0.7280725609200579,4,3
39,80144.0,0.0,2,0
58,54252.0,0.6915451263464938,2,4
38,81929.0,0.28343510992176285,3,1
39,76068.0,0.30014264611557506,2,1
38,53204.0,0.6981393636796464,3,1
30,14796.0,0.7990049432944352,1,1
40,78128.0,0.2940491190727787,4,1
42,14188.0,0.0,0,0
44,72967.0,0.30981030034916107,2,4
65,48150.0,0.4177909066000963,3,3
53,82332.0,0.0,2,0
59,58275.0,0.6674044894618372,2,4
33,44953.0,0.0,4,0
61,34587.0,0.8427961344515992,2,3
40,43018.0,0.45040061904190487,3,1
60,45736.0,0.4325118209982594,3,3
45,66476.0,0.33222527613336583,3,2
33,27733.0,0.5879988024243699,1,1
62,69805.0,0.3203359432695396,4,3
52,72217.0,0.0,3,0
43,25818.0,0.6116181178236747,2,4
38,37509.0,0.49171314128093446,3,1
38,25176.0,0.9447789825866646,1,1
34,43586.0,0.44653903464184475,2,1
58,53230.0,0.38990328089043264,1,2
57,50116.0,0.7183675678374242,2,2
28,82333.0,0.0,4,0
49,65220.0,0.0,4,0
40,33590.0,1.0458575119373283,2,1
38,72309.0,0.0,3,0
65,156924.0,0.0,4,3
34,16005.0,0.7726278016217578,0,1
57,65487.0,0.0,3,0
49,58692.0,0.3638331531768575,2,2
45,40590.0,0.7895072815434692,2,4
60,62637.0,0.34709063510369936,3,4
48,29435.0,0.8953496015791217,3,4
40,19346.0,0.708563609039752,2,4
43,35788.0,0.8315109091563705,2,1
46,36997.0,0.8204809561991458,2,4
57,23539.0,0.0,2,0
41,65333.0,0.33651525813830746,2,4
57,78499.0,0.0,2,0
43,29732.0,0.5652729843380684,4,1
54,41275.0,0.9858142805756898,3,2
41,63516.0,0.6384816818965708,4,1
52,42769.0,0.4521149543081731,4,2
56,49572.0,0.7220607192186576,3,2
42,69209.0,0.0,2,0
38,17148.0,0.7493573558445532,2,1
31,32146.0,0.5401286101787351,1,1
50,41713.0,0.7803396622682961,1,4
39,34176.0,0.5206949455194606,3,1
59,58482.0,0.3647702307338234,4,2
49,59686.0,0.35946281465454594,2,4
50,60896.0,0.3542837300193201,4,2
34,62994.0,0.34565190901017273,2,1
57,47320.0,0.42273635598928655,2,2
65,74859.0,0.0,1,3
22,15253.0,0.7888079785490185,0,4
40,31560.0,0.5460187672614428,4,4
24,91172.0,0.0,3,0
30,90000.0,0.0,2,0
33,41967.0,0.7782979470979194,2,4
49,69263.0,0.3222129008393265,2,4
44,65706.0,0.0,1,0
39,60934.0,0.3541235192699262,2,1
63,71965.0,0.3130695766469525,2,3
59,65210.0,0.3369835755641645,2,2
39,79174.0,0.0,4,0
47,81380.0,0.0,3,0
43,52914.0,0.39152768524093656,2,1
40,26067.0,0.6084362357039469,2,1
42,44325.0,0.4416144871176233,4,1
36,26487.0,0.6031463168953616,0,4
57,53233.0,0.38988792466899147,1,2
54,67716.0,0.3276941737350855,2,2
42,76234.0,0.29964221664581625,3,1
58,84117.0,0.0,4,0
57,65487.0,0.0,3,0
42,25224.0,0.6193500668759412,0,1
31,89616.0,0.0,3,0
43,40851.0,0.787355856051254,2,4
67,27469.0,0.0,2,3
57,73803.0,0.3071428053461202,2,2
62,8820.0,1.062709215646608,3,4
40,43322.0,0.0,2,0
41,55593.0,0.3781751452508498,2,1
60,50501.0,0.7157779920743415,2,3
39,37085.0,0.8196906215054115,2,1
24,16185.0,0.7688604770067906,0,4
45,57731.0,0.36816166534509925,2,4
36,73807.0,0.30713015334966426,2,1
46,35893.0,0.8305400625857129,2,4
34,61014.0,0.35378671100234577,2,1
60,32144.0,0.866833155064938,2,3
51,14918.0,0.7962548584611301,0,2
51,45146.0,0.7536839312874378,2,4
59,41769.0,0.45913565341360424,1,4
33,88325.0,0.0,2,0
64,38054.0,0.8110968234082376,3,4
19,80617.0,0.0,1,0
38,5305.0,1.062709215646608,2,1
60,36807.0,0.8221930690547724,2,3
29,40101.0,0.4713534943721591,3,1
35,58025.0,0.3668264339159619,2,1
35,7500.0,1.01423193331738,1,1
51,33562.0,1.046092807435047,3,2
44,57642.0,0.36856780626615643,4,4
35,63777.0,0.6371095741385511,2,1
52,57967.0,0.3670890717999113,2,4
42,24434.0,0.9540444229427323,2,1
30,11012.0,0.8961109060797711,2,4
44,44802.0,0.0,3,0
28,26816.0,0.0,2,0
47,61223.0,0.35290984269682,2,2
33,56981.0,0.0,2,0
58,69245.0,0.3222756154347344,3,2
60,52869.0,0.7002753723442727,4,3
